{"cameraMode":{"drawMode":0,"name":"Shaded","section":"Shading Mode"},"sceneLighting":false,"audioPlay":false,"sceneViewState":{"m_AlwaysRefresh":false,"showFog":true,"showSkybox":false,"showFlares":true,"showImageEffects":true,"showParticleSystems":true,"showVisualEffectGraphs":true,"m_FxEnabled":true},"in2DMode":false,"pivot":{"x":-0.03359687328338623,"y":0.1658545434474945,"z":-0.05133146047592163},"rotation":{"x":0.19404983520507813,"y":0.017042389139533044,"z":-0.0033404692076146604,"w":0.9808797836303711},"size":0.8660253882408142,"orthographic":false}